frame,vehicle_id,class,confidence,x,y,width,height,speed,speed_unit,speed_kmh
0,1,car,0.8865,563,344,116,87,0.0000,m/s,0.00
0,2,car,0.8815,715,343,134,85,0.0000,m/s,0.00
0,3,car,0.8520,444,358,108,81,0.0000,m/s,0.00
0,4,car,0.7163,378,333,69,73,0.0000,m/s,0.00
0,5,car,0.5743,636,335,56,60,0.0000,m/s,0.00
0,6,bus,0.5159,331,306,67,59,0.0000,m/s,0.00
0,7,car,0.3570,490,337,50,64,0.0000,m/s,0.00
1,1,car,0.8814,563,344,116,87,0.0000,m/s,0.00
1,2,car,0.8856,715,343,134,86,0.0000,m/s,0.00
1,3,car,0.8755,444,358,108,82,0.0000,m/s,0.00
1,4,car,0.7388,378,333,69,73,0.0000,m/s,0.00
1,5,car,0.5511,636,334,56,59,17.6170,m/s,63.42
1,6,bus,0.5152,331,307,70,59,15.5331,m/s,55.92
1,7,car,0.3805,490,337,52,62,0.0000,m/s,0.00
2,1,car,0.8760,563,344,116,87,0.0000,m/s,0.00
2,2,car,0.8964,715,342,135,85,9.1500,m/s,32.94
2,3,car,0.8881,444,357,108,82,9.9463,m/s,35.81
2,4,car,0.7553,378,333,70,73,0.0000,m/s,0.00
2,5,car,0.5064,635,334,56,61,8.7352,m/s,31.45
2,6,bus,0.5435,330,307,71,60,7.8675,m/s,28.32
2,7,car,0.4118,487,339,58,67,18.3049,m/s,65.90
3,1,car,0.8711,563,344,116,88,0.0000,m/s,0.00
3,2,car,0.8940,715,342,135,85,6.1000,m/s,21.96
3,3,car,0.8885,444,357,109,82,6.6308,m/s,23.87
3,4,car,0.7211,378,332,69,73,5.8523,m/s,21.07
3,5,car,0.4662,633,333,59,61,11.5793,m/s,41.69
3,6,bus,0.5263,331,307,74,61,5.1777,m/s,18.64
3,7,car,0.4272,486,339,60,69,12.2860,m/s,44.23
4,1,car,0.8779,563,344,116,88,0.0000,m/s,0.00
4,2,car,0.8784,715,342,134,86,4.5750,m/s,16.47
4,3,car,0.8879,444,356,108,83,9.9203,m/s,35.71
4,4,car,0.7402,378,333,70,74,0.0000,m/s,0.00
4,5,car,0.4279,632,333,63,61,8.6604,m/s,31.18
4,6,bus,0.5436,329,307,72,61,3.9934,m/s,14.38
4,7,car,0.4254,487,339,58,69,9.1524,m/s,32.95
5,1,car,0.8687,563,344,116,88,0.0000,m/s,0.00
5,2,car,0.8755,715,342,134,86,4.5750,m/s,16.47
5,3,car,0.8922,444,356,108,83,9.9203,m/s,35.71
5,4,car,0.7195,378,333,70,74,0.0000,m/s,0.00
5,5,car,0.3932,631,334,64,61,1.0553,m/s,3.80
5,6,bus,0.5153,329,306,73,61,3.8114,m/s,13.72
5,7,car,0.4589,490,339,51,70,8.9942,m/s,32.38
6,1,car,0.8669,563,344,116,88,0.0000,m/s,0.00
6,2,car,0.8736,715,342,134,86,0.0000,m/s,0.00
6,3,car,0.8910,444,356,108,83,4.9471,m/s,17.81
6,4,car,0.7525,377,333,69,74,0.2105,m/s,0.76
6,5,car,0.3656,630,334,65,62,1.0553,m/s,3.80
6,6,bus,0.4867,330,306,77,62,3.8834,m/s,13.98
6,7,car,0.4193,489,338,54,69,4.6186,m/s,16.63
7,1,car,0.8712,562,344,117,88,0.2164,m/s,0.78
7,2,car,0.8691,715,342,134,86,0.0000,m/s,0.00
7,3,car,0.8990,443,356,109,84,4.9032,m/s,17.65
7,4,car,0.7634,377,333,69,74,4.4415,m/s,15.99
7,6,bus,0.4705,330,306,78,61,3.8424,m/s,13.83
7,7,car,0.4268,490,338,52,69,4.7645,m/s,17.15
8,1,car,0.8679,562,344,117,88,0.2164,m/s,0.78
8,2,car,0.8693,715,342,134,86,0.0000,m/s,0.00
8,3,car,0.9028,443,356,109,84,0.2232,m/s,0.80
8,4,car,0.7611,377,331,69,73,8.7120,m/s,31.36
8,6,bus,0.4664,329,306,79,62,3.8835,m/s,13.98
8,7,car,0.4189,491,338,50,69,4.7643,m/s,17.15
9,1,car,0.8667,562,344,118,88,0.2164,m/s,0.78
9,2,car,0.8688,714,341,135,85,4.5165,m/s,16.26
9,3,car,0.9022,443,356,109,84,0.2232,m/s,0.80
9,4,car,0.7695,377,332,70,73,4.3466,m/s,15.65
9,5,car,0.3676,631,333,68,63,0.4211,m/s,1.52
9,6,bus,0.4399,328,306,76,62,0.1974,m/s,0.71
9,7,car,0.4208,490,338,51,68,4.5083,m/s,16.23
10,1,car,0.8588,562,344,118,88,0.2164,m/s,0.78
10,2,car,0.8713,714,341,135,86,4.5165,m/s,16.26
10,3,car,0.9009,443,355,109,85,4.8777,m/s,17.56
10,4,car,0.7731,377,331,70,73,8.7572,m/s,31.53
10,5,car,0.4019,630,333,69,63,0.4211,m/s,1.52
10,6,bus,0.4422,329,306,78,62,0.1975,m/s,0.71
10,7,car,0.4450,491,337,50,69,4.5956,m/s,16.54
11,1,car,0.8710,562,344,118,88,0.0000,m/s,0.00
11,2,car,0.8695,714,341,134,86,4.5165,m/s,16.26
11,3,car,0.8974,443,355,108,85,4.9216,m/s,17.72
11,4,car,0.7503,377,332,70,73,4.3893,m/s,15.80
11,5,car,0.4055,630,333,69,63,4.3463,m/s,15.65
11,6,bus,0.4361,329,305,78,63,3.8250,m/s,13.77
11,7,car,0.4172,490,337,49,70,4.4859,m/s,16.15
12,1,car,0.8663,561,343,116,89,4.5751,m/s,16.47
12,2,car,0.8628,714,340,134,87,9.0435,m/s,32.56
12,3,car,0.8975,442,355,109,85,4.8778,m/s,17.56
12,4,car,0.7238,376,331,69,72,0.2095,m/s,0.75
12,5,car,0.3544,628,334,67,64,0.4221,m/s,1.52
12,6,bus,0.4790,328,305,76,63,3.8251,m/s,13.77
12,7,car,0.3975,489,336,54,70,8.8686,m/s,31.93
13,1,car,0.8600,561,343,115,89,4.5751,m/s,16.47
13,2,car,0.8631,713,340,133,87,4.4941,m/s,16.18
13,3,car,0.8969,442,356,109,84,0.2232,m/s,0.80
13,4,car,0.6917,376,331,69,72,4.3253,m/s,15.57
13,5,car,0.3639,629,333,66,63,0.4210,m/s,1.52
13,6,bus,0.4493,327,305,74,63,3.8251,m/s,13.77
13,7,car,0.3968,489,336,54,71,8.9068,m/s,32.06
14,1,car,0.8655,561,343,116,89,4.5751,m/s,16.47
14,2,car,0.8628,713,340,133,87,4.4941,m/s,16.18
14,3,car,0.8966,442,355,109,85,0.2225,m/s,0.80
14,4,car,0.6598,376,331,69,73,0.2095,m/s,0.75
14,6,bus,0.4963,327,305,77,63,3.7941,m/s,13.66
14,7,car,0.3942,489,336,53,70,4.3928,m/s,15.81
15,1,car,0.8644,561,343,116,88,4.5751,m/s,16.47
15,2,car,0.8658,713,340,133,87,4.4941,m/s,16.18
15,3,car,0.8956,442,355,109,85,0.2225,m/s,0.80
15,4,car,0.6498,376,331,69,73,4.3253,m/s,15.57
15,5,car,0.3546,629,333,66,63,0.2105,m/s,0.76
15,6,bus,0.4877,326,305,75,63,0.5910,m/s,2.13
15,7,car,0.3814,490,336,52,72,4.4638,m/s,16.07
16,1,car,0.8620,561,343,118,87,0.0000,m/s,0.00
16,2,car,0.8649,713,340,133,87,0.2142,m/s,0.77
16,3,car,0.8945,442,355,108,83,0.0000,m/s,0.00
16,4,car,0.6707,376,331,69,73,0.0000,m/s,0.00
16,5,car,0.3614,629,333,66,63,0.2105,m/s,0.76
16,6,bus,0.4162,325,306,75,62,4.0443,m/s,14.56
16,8,truck,0.3882,324,306,73,62,0.0000,m/s,0.00
17,1,car,0.8665,560,343,117,87,0.2158,m/s,0.78
17,2,car,0.8648,713,340,134,87,0.0000,m/s,0.00
17,3,car,0.8936,442,355,108,85,4.9218,m/s,17.72
17,4,car,0.6951,376,331,68,73,0.0000,m/s,0.00
17,5,car,0.3858,629,333,66,63,4.4298,m/s,15.95
17,6,bus,0.4347,326,305,78,62,0.1970,m/s,0.71
17,7,car,0.3782,489,335,53,70,4.4417,m/s,15.99
18,1,car,0.8646,560,343,117,88,0.2158,m/s,0.78
18,2,car,0.8572,713,340,134,87,0.0000,m/s,0.00
18,3,car,0.8957,441,356,109,84,4.9754,m/s,17.91
18,4,car,0.6526,376,331,68,73,0.0000,m/s,0.00
18,5,car,0.3620,628,333,65,63,0.2106,m/s,0.76
18,6,bus,0.4769,326,305,78,63,0.1970,m/s,0.71
19,1,car,0.8632,560,342,118,89,4.5521,m/s,16.39
19,2,car,0.8524,712,340,133,87,0.2142,m/s,0.77
19,3,car,0.8951,441,356,108,84,4.9754,m/s,17.91
19,4,car,0.6092,375,331,69,73,0.2095,m/s,0.75
19,5,car,0.3786,628,333,65,63,0.2106,m/s,0.76
19,6,bus,0.5302,326,305,79,65,0.0000,m/s,0.00
20,1,car,0.8611,560,342,116,89,4.5521,m/s,16.39
20,2,car,0.8425,712,340,134,87,0.2142,m/s,0.77
20,3,car,0.8953,441,355,108,85,0.2226,m/s,0.80
20,4,car,0.6361,375,331,68,73,0.2095,m/s,0.75
20,5,car,0.3575,628,333,66,63,0.2106,m/s,0.76
20,6,bus,0.5500,326,305,80,63,3.9166,m/s,14.10
20,7,car,0.3517,486,335,60,69,4.3505,m/s,15.66
21,1,car,0.8640,559,343,117,88,0.2159,m/s,0.78
21,2,car,0.8435,712,340,134,87,0.2142,m/s,0.77
21,3,car,0.8971,441,356,108,84,4.9754,m/s,17.91
21,4,car,0.6886,375,331,68,73,0.2095,m/s,0.75
21,6,bus,0.5791,325,305,79,65,0.1970,m/s,0.71
21,7,car,0.3580,485,335,59,69,4.3404,m/s,15.63
22,1,car,0.8723,559,343,117,88,0.2159,m/s,0.78
22,2,car,0.8450,712,341,134,86,4.5748,m/s,16.47
22,3,car,0.9029,440,356,108,84,0.2231,m/s,0.80
22,4,car,0.6734,374,331,67,73,0.4190,m/s,1.51
22,6,bus,0.5743,325,306,80,64,3.9166,m/s,14.10
22,7,car,0.3769,486,335,58,69,4.3404,m/s,15.63
22,9,bus,0.4340,312,306,56,63,0.0000,m/s,0.00
23,1,car,0.8700,559,343,118,88,4.6407,m/s,16.71
23,2,car,0.8618,712,341,134,86,4.5297,m/s,16.31
23,3,car,0.9025,440,356,108,84,0.2231,m/s,0.80
23,4,car,0.6546,374,332,67,73,4.4203,m/s,15.91
23,9,bus,0.5912,318,306,68,64,4.7386,m/s,17.06
24,1,car,0.8660,559,343,117,90,4.6407,m/s,16.71
24,2,car,0.8607,712,341,134,86,4.5297,m/s,16.31
24,3,car,0.9037,440,355,108,85,0.2226,m/s,0.80
24,4,car,0.6729,374,332,66,73,4.4203,m/s,15.91
24,5,car,0.3760,628,333,64,62,0.2106,m/s,0.76
24,9,bus,0.6890,313,306,58,65,0.3949,m/s,1.42
25,1,car,0.8656,559,343,117,90,0.0000,m/s,0.00
25,2,car,0.8590,711,341,135,86,4.5750,m/s,16.47
25,3,car,0.9027,439,355,109,85,4.8440,m/s,17.44
25,4,car,0.6970,373,332,67,73,4.4818,m/s,16.13
25,5,car,0.3566,628,334,62,62,4.3833,m/s,15.78
25,7,car,0.3709,486,337,56,68,9.0632,m/s,32.63
25,9,bus,0.6678,312,306,58,65,0.0000,m/s,0.00
26,1,car,0.8534,558,342,118,91,4.5523,m/s,16.39
26,2,car,0.8647,711,341,135,87,0.2148,m/s,0.77
26,3,car,0.9025,439,354,109,87,9.7724,m/s,35.18
26,4,car,0.6325,373,332,67,73,4.4205,m/s,15.91
26,5,car,0.3599,628,334,60,62,4.3833,m/s,15.78
26,7,car,0.3539,486,339,54,71,17.9013,m/s,64.44
26,9,bus,0.5954,312,307,61,66,3.8853,m/s,13.99
27,1,car,0.8529,559,343,116,90,0.0000,m/s,0.00
27,2,car,0.8531,710,341,135,87,0.4295,m/s,1.55
27,3,car,0.8985,439,355,109,88,4.8781,m/s,17.56
27,4,car,0.6223,372,333,67,73,4.5037,m/s,16.21
27,5,car,0.3689,629,334,58,62,4.3465,m/s,15.65
27,7,car,0.3666,485,339,55,71,17.9018,m/s,64.45
27,9,bus,0.5937,313,307,63,66,4.2259,m/s,15.21
27,10,car,0.4230,9,432,18,48,0.0000,m/s,0.00
28,1,car,0.8486,559,343,116,90,0.0000,m/s,0.00
28,2,car,0.8377,710,341,135,87,0.4295,m/s,1.55
28,3,car,0.9007,439,356,109,86,4.9757,m/s,17.91
28,4,car,0.6071,372,333,67,73,4.5037,m/s,16.21
28,5,car,0.4379,629,333,58,61,0.2106,m/s,0.76
28,6,bus,0.5949,320,307,78,66,8.1079,m/s,29.19
28,7,car,0.4065,485,340,57,72,22.4793,m/s,80.93
28,10,car,0.6934,16,427,32,71,0.0000,m/s,0.00
28,11,car,0.3623,405,291,28,20,0.0000,m/s,0.00
29,1,car,0.8583,559,343,115,89,0.0000,m/s,0.00
29,2,car,0.8471,710,342,135,86,4.5977,m/s,16.55
29,3,car,0.9047,439,356,109,85,4.9222,m/s,17.72
29,4,car,0.6101,372,333,67,73,4.4422,m/s,15.99
29,5,car,0.4922,628,334,58,62,0.0000,m/s,0.00
29,6,bus,0.6436,320,307,79,66,8.1079,m/s,29.19
29,7,car,0.5060,486,338,58,69,4.4863,m/s,16.15
29,10,car,0.8248,25,428,50,80,0.0000,m/s,0.00
30,1,car,0.8363,558,343,115,89,4.5918,m/s,16.53
30,2,car,0.8657,710,343,135,86,9.1708,m/s,33.01
30,3,car,0.9058,438,357,109,84,14.8173,m/s,53.34
30,4,car,0.5083,372,333,68,74,4.4422,m/s,15.99
30,5,car,0.4447,629,335,56,62,4.3682,m/s,15.73
30,6,bus,0.6203,319,308,79,66,11.9842,m/s,43.14
30,7,car,0.5834,486,339,56,70,0.0000,m/s,0.00
30,10,car,0.8652,33,428,66,83,0.0000,m/s,0.00
31,1,car,0.8407,558,344,114,88,4.6641,m/s,16.79
31,2,car,0.8724,710,343,135,86,9.1279,m/s,32.86
31,3,car,0.9064,438,357,109,83,9.9214,m/s,35.72
31,4,car,0.5127,372,333,68,73,0.0000,m/s,0.00
31,5,car,0.4991,630,335,53,61,4.3681,m/s,15.73
31,6,bus,0.6136,318,308,76,66,8.2196,m/s,29.59
31,7,car,0.5557,486,338,57,69,4.5593,m/s,16.41
31,10,car,0.8324,41,428,82,89,34.0746,m/s,122.67
32,1,car,0.8331,557,344,115,88,4.7229,m/s,17.00
32,2,car,0.8760,709,343,135,87,9.1710,m/s,33.02
32,3,car,0.9015,438,358,109,82,9.9731,m/s,35.90
32,4,car,0.4540,372,333,68,73,0.0000,m/s,0.00
32,5,car,0.4432,629,335,56,60,8.7882,m/s,31.64
32,6,bus,0.6329,316,308,75,66,4.1591,m/s,14.97
32,7,car,0.5589,486,338,59,70,9.0882,m/s,32.72
32,10,car,0.8596,48,429,97,95,15.3557,m/s,55.28
33,1,car,0.8445,558,344,114,89,4.6641,m/s,16.79
33,2,car,0.8865,709,343,135,87,4.6211,m/s,16.64
33,3,car,0.8970,438,358,110,83,9.9731,m/s,35.90
33,4,car,0.4214,371,334,68,74,4.4640,m/s,16.07
33,5,car,0.3649,630,334,53,59,0.4221,m/s,1.52
33,6,bus,0.5401,310,308,65,65,4.7710,m/s,17.18
33,7,car,0.5334,484,338,58,68,0.4263,m/s,1.53
33,10,car,0.8545,56,428,113,100,8.5140,m/s,30.65
34,1,car,0.8574,558,345,114,88,9.2533,m/s,33.31
34,2,car,0.8773,709,344,135,86,4.6443,m/s,16.72
34,3,car,0.8950,437,359,109,82,10.0255,m/s,36.09
34,4,car,0.4448,371,334,67,74,4.4640,m/s,16.07
34,7,car,0.6081,487,339,58,68,0.2137,m/s,0.77
34,9,bus,0.5321,314,308,72,65,7.7446,m/s,27.88
34,10,car,0.8483,64,427,129,102,12.7517,m/s,45.91
35,1,car,0.8608,557,345,113,87,4.6878,m/s,16.88
35,2,car,0.8815,709,344,135,86,4.6443,m/s,16.72
35,3,car,0.8956,437,359,108,83,10.0255,m/s,36.09
35,4,car,0.4826,371,334,68,73,4.4640,m/s,16.07
35,7,car,0.5633,485,339,60,68,4.5593,m/s,16.41
35,9,bus,0.5335,316,309,78,66,11.5506,m/s,41.58
35,10,car,0.8807,72,425,144,103,25.9884,m/s,93.56
36,1,car,0.8621,557,345,113,88,4.6384,m/s,16.70
36,2,car,0.8632,708,344,135,87,4.6444,m/s,16.72
36,3,car,0.8915,436,359,107,83,5.1174,m/s,18.42
36,4,car,0.4624,370,334,67,73,4.5259,m/s,16.29
36,5,car,0.4066,627,335,59,59,0.4231,m/s,1.52
36,7,car,0.5265,483,339,60,66,4.6879,m/s,16.88
36,9,bus,0.6026,319,309,86,66,7.6213,m/s,27.44
36,10,car,0.8985,80,422,160,113,0.0000,m/s,0.00
37,1,car,0.8644,557,345,113,89,4.6878,m/s,16.88
37,2,car,0.8608,707,345,135,86,9.3123,m/s,33.52
37,3,car,0.8885,436,359,107,83,5.1174,m/s,18.42
37,4,car,0.5000,371,335,68,74,4.4335,m/s,15.96
37,5,car,0.5362,627,336,60,61,4.5947,m/s,16.54
37,7,car,0.5489,485,339,58,69,4.4681,m/s,16.09
37,9,bus,0.5880,318,309,87,65,7.6542,m/s,27.56
37,10,car,0.8890,87,418,174,122,0.0000,m/s,0.00
38,1,car,0.8669,557,345,114,89,0.2169,m/s,0.78
38,2,car,0.8678,707,345,135,86,4.7231,m/s,17.00
38,3,car,0.8899,436,360,108,83,5.0806,m/s,18.29
38,4,car,0.5551,370,335,67,73,4.4862,m/s,16.15
38,5,car,0.5688,625,336,63,59,4.6690,m/s,16.81
38,7,car,0.5212,484,339,57,68,0.6411,m/s,2.31
38,9,bus,0.6753,318,310,88,66,7.7140,m/s,27.77
38,10,car,0.8934,95,414,191,127,0.0000,m/s,0.00
39,1,car,0.8651,557,346,114,87,4.6618,m/s,16.78
39,2,car,0.8661,707,345,134,86,4.7231,m/s,17.00
39,3,car,0.8932,436,360,110,83,5.0806,m/s,18.29
39,4,car,0.5461,370,335,68,73,4.4862,m/s,16.15
39,5,car,0.5833,626,336,60,59,9.0373,m/s,32.53
39,7,car,0.5546,484,341,58,69,9.1339,m/s,32.88
39,9,bus,0.6462,318,310,88,67,3.8659,m/s,13.92
39,10,car,0.8826,102,412,205,132,0.0000,m/s,0.00
40,1,car,0.8817,557,348,114,86,14.0573,m/s,50.61
40,2,car,0.8728,707,346,133,86,9.3111,m/s,33.52
40,3,car,0.8992,435,361,109,82,10.1317,m/s,36.47
40,4,car,0.6115,370,336,68,73,8.8890,m/s,32.00
40,5,car,0.5464,624,337,63,60,9.0237,m/s,32.49
40,7,car,0.5567,481,342,57,70,13.7617,m/s,49.54
40,9,bus,0.6585,316,311,85,66,8.0568,m/s,29.00
40,10,car,0.9098,110,409,221,138,0.0000,m/s,0.00
41,1,car,0.8767,556,348,114,86,14.1039,m/s,50.77
41,2,car,0.8866,707,345,134,86,0.0000,m/s,0.00
41,3,car,0.8950,435,361,109,82,10.1317,m/s,36.47
41,4,car,0.6212,369,336,69,73,4.5702,m/s,16.45
41,5,car,0.4727,625,337,59,61,4.5523,m/s,16.39
41,7,car,0.4774,481,342,57,68,13.8722,m/s,49.94
41,9,bus,0.6895,315,312,85,66,12.0264,m/s,43.29
41,10,car,0.9044,118,407,237,143,0.0000,m/s,0.00
42,1,car,0.8524,555,348,115,86,14.1537,m/s,50.95
42,2,car,0.8866,706,345,133,86,0.2170,m/s,0.78
42,3,car,0.8996,435,362,109,82,10.1852,m/s,36.67
42,4,car,0.6061,369,337,69,74,8.9837,m/s,32.34
42,5,car,0.4399,624,337,63,60,4.4961,m/s,16.19
42,7,car,0.3592,482,342,60,68,13.7613,m/s,49.54
42,9,bus,0.7340,316,311,86,67,4.0691,m/s,14.65
42,10,car,0.8895,126,406,253,141,0.0000,m/s,0.00
43,1,car,0.8631,554,348,117,85,9.5520,m/s,34.39
43,2,car,0.8845,707,346,132,86,4.6455,m/s,16.72
43,3,car,0.9086,435,362,110,82,10.1852,m/s,36.67
43,4,car,0.6553,369,337,70,74,8.9837,m/s,32.34
43,5,car,0.4434,624,337,63,60,4.5524,m/s,16.39
43,9,bus,0.7844,315,311,87,67,4.1383,m/s,14.90
43,10,car,0.8999,133,407,267,142,36.4953,m/s,131.38
44,1,car,0.8785,555,349,114,85,4.8428,m/s,17.43
44,2,car,0.8820,706,346,133,86,0.2175,m/s,0.78
44,3,car,0.9043,435,362,110,82,5.0800,m/s,18.29
44,4,car,0.6594,368,337,69,73,4.5929,m/s,16.53
44,5,car,0.5562,622,338,65,63,4.5749,m/s,16.47
44,9,bus,0.7757,314,312,87,68,4.0879,m/s,14.72
44,10,car,0.9021,142,407,284,140,17.3623,m/s,62.50
45,1,car,0.8655,554,349,114,85,4.8430,m/s,17.43
45,2,car,0.8837,706,346,132,86,4.6915,m/s,16.89
45,3,car,0.9027,435,362,110,83,5.0800,m/s,18.29
45,4,car,0.7220,368,338,69,74,9.0285,m/s,32.50
45,5,car,0.4255,625,338,62,61,4.4712,m/s,16.10
45,9,bus,0.7727,314,312,89,68,0.2002,m/s,0.72
45,10,car,0.9060,152,406,304,144,12.2064,m/s,43.94
46,1,car,0.8850,554,349,114,86,4.7838,m/s,17.22
46,2,car,0.8921,705,346,133,85,4.6916,m/s,16.89
46,3,car,0.8944,435,363,110,82,5.1068,m/s,18.38
46,4,car,0.7489,368,338,68,74,4.5531,m/s,16.39
46,5,car,0.4009,624,338,62,60,4.4713,m/s,16.10
46,9,bus,0.7164,313,312,89,68,4.1572,m/s,14.97
46,10,car,0.9013,157,407,314,142,8.9705,m/s,32.29
47,1,car,0.8878,553,350,115,86,9.5399,m/s,34.34
47,2,car,0.8972,705,346,133,85,0.4350,m/s,1.57
47,3,car,0.8861,434,363,111,82,5.1615,m/s,18.58
47,4,car,0.7410,368,338,68,75,4.5531,m/s,16.39
47,5,car,0.4650,625,338,59,61,4.4339,m/s,15.96
47,9,bus,0.7459,313,312,89,68,4.0881,m/s,14.72
47,10,car,0.8942,165,406,330,143,11.7623,m/s,42.34
48,1,car,0.8916,553,350,115,86,4.8678,m/s,17.52
48,2,car,0.9026,705,347,134,86,4.7156,m/s,16.98
48,3,car,0.8851,434,363,110,82,5.1615,m/s,18.58
48,4,car,0.7076,368,338,68,75,4.5001,m/s,16.20
48,9,bus,0.7257,313,312,88,69,0.2002,m/s,0.72
48,10,car,0.8957,173,407,346,145,7.9771,m/s,28.72
49,1,car,0.8888,553,350,115,86,4.8084,m/s,17.31
49,2,car,0.9044,705,347,134,86,4.7156,m/s,16.98
49,3,car,0.8878,434,363,110,83,5.1615,m/s,18.58
49,4,car,0.6995,367,338,69,75,0.2132,m/s,0.77
49,9,bus,0.5662,312,312,89,69,0.4004,m/s,1.44
49,10,car,0.9062,181,407,362,145,8.6301,m/s,31.07
